Source File	Size	loadResources	load	generateSnapshots	load-configure	scan	loadDepInfo	loadInfo	checkR4R4B	generateNarratives	validate	loadLists	checkConformanceResources	checkConformanceResources2	checkConformanceResources3	generateLogicalMaps	validateExpressions	scanForUsageStats	checkURLsUnique	processProvenanceDetails	generate1	generate2	responsesForQuestionnaire	generateLogicals	makeDependencies	generateExampleZip	generateValidationPack	scanProfilesForR5	scanExamplesForR5
/fsh-generated/resources/ImplementationGuide-mitre.fhir.spacehealth.json	123535	-	0	0	1	0	0	0	11	32	0	0	0	0	0	0	0	0	0	0	209	252	0	0	0	0	12	0	3
fsh-generated/resources/CodeSystem-aerospace-behavioral-state-cs.json	1978	2	0	0	1	0	0	0	0	7	0	0	0	0	0	0	0	1	0	0	14	211	0	0	0	0	0	0	0
fsh-generated/resources/CodeSystem-aerospace-code-system-enhanced.json	5145	1	0	0	0	0	0	0	0	3	0	0	0	0	0	0	0	0	0	0	18	38	0	0	0	0	1	0	0
fsh-generated/resources/CodeSystem-artemis-certified-devices-cs.json	5613	1	0	0	0	0	0	0	0	2	0	0	0	0	0	0	0	0	0	0	15	23	0	0	0	0	0	0	0
fsh-generated/resources/CodeSystem-artemis-landing-region-cs.json	7107	2	0	0	1	0	0	0	1	5	0	0	0	0	0	0	0	0	0	0	19	27	0	0	0	0	0	0	0
fsh-generated/resources/CodeSystem-artemis-mission-cs.json	5299	1	0	0	0	0	0	0	0	2	0	0	0	0	0	0	0	0	0	0	13	19	0	0	0	0	1	0	0
fsh-generated/resources/CodeSystem-artemis-prototype-devices-cs.json	3634	1	0	0	0	0	0	0	0	2	0	0	0	0	0	0	0	0	0	0	18	17	0	0	0	0	0	0	0
fsh-generated/resources/CodeSystem-behavioral-biomarker-cs.json	1724	1	0	0	0	0	0	0	0	2	0	0	0	0	0	0	0	0	0	0	8	16	0	0	0	0	0	0	0
fsh-generated/resources/CodeSystem-calorie-deficit-risk-cs.json	742	0	0	0	0	0	0	0	0	1	0	0	0	0	0	0	0	0	0	0	5	12	0	0	0	0	0	0	0
fsh-generated/resources/CodeSystem-decompression-protocol-cs.json	3837	2	0	0	0	0	0	0	0	2	0	0	0	0	0	0	0	0	0	0	12	16	0	0	0	0	0	0	1
fsh-generated/resources/CodeSystem-diving-medicine-cs.json	5049	1	0	0	1	0	0	0	1	2	0	0	0	0	0	0	0	0	0	0	15	16	0	0	0	0	1	0	0
fsh-generated/resources/CodeSystem-hydration-type-cs.json	950	1	0	0	0	0	0	0	0	2	0	0	0	0	0	0	0	0	0	0	5	13	0	0	0	0	0	0	0
fsh-generated/resources/CodeSystem-hyperbaric-capabilities-cs.json	1129	1	0	0	0	0	0	0	0	1	0	0	0	0	0	0	0	0	0	0	6	14	0	0	0	0	0	0	0
fsh-generated/resources/CodeSystem-hyperbaric-chamber-type-cs.json	818	0	0	0	0	0	0	0	0	2	0	0	0	0	0	0	0	0	0	0	5	11	0	0	0	0	0	0	0
fsh-generated/resources/CodeSystem-isolation-syndrome-factor-cs.json	1770	1	0	0	0	0	0	0	0	1	0	0	0	0	0	0	0	0	0	0	8	12	0	0	0	0	0	0	0
fsh-generated/resources/CodeSystem-location-capabilities-cs.json	3192	1	0	0	1	0	0	0	0	2	0	0	0	0	0	0	0	0	0	0	9	14	0	0	0	0	0	0	0
fsh-generated/resources/CodeSystem-macronutrient-metrics-cs.json	1191	1	0	0	0	0	0	0	0	1	0	0	0	0	0	0	0	0	0	0	6	13	0	0	0	0	1	0	0
fsh-generated/resources/CodeSystem-neutral-buoyancy-training-cs.json	3642	1	0	0	0	0	0	0	0	2	0	0	0	0	0	0	0	0	0	0	12	15	0	0	0	0	0	0	0
fsh-generated/resources/CodeSystem-nutrition-inventory-status-cs.json	958	1	0	0	0	0	0	0	0	14	0	0	0	0	0	0	0	0	0	0	6	12	0	0	0	0	0	0	0
fsh-generated/resources/CodeSystem-operational-status-cs.json	1973	1	0	0	0	0	0	0	0	2	0	0	0	0	0	0	0	0	0	0	6	12	0	0	0	0	0	0	0
fsh-generated/resources/CodeSystem-psychological-countermeasure-cs.json	2160	1	0	0	1	0	0	0	0	2	0	0	0	0	0	0	0	0	0	0	8	12	0	0	0	0	0	0	0
fsh-generated/resources/CodeSystem-radiation-countermeasures-cs.json	768	1	0	0	0	0	0	0	0	1	0	0	0	0	0	0	0	0	0	0	5	14	0	0	0	0	0	0	0
fsh-generated/resources/CodeSystem-radiation-detector-type-cs.json	788	1	0	0	0	0	0	0	0	2	0	0	0	0	0	0	0	0	0	0	5	13	0	0	0	0	0	0	0
fsh-generated/resources/CodeSystem-regulatory-compliance-cs.json	3653	1	0	0	0	0	0	0	1	2	0	0	0	0	0	0	0	0	0	0	11	12	0	0	0	0	1	0	0
fsh-generated/resources/CodeSystem-space-cardiovascular-effects-cs.json	2117	1	0	0	0	0	0	0	0	1	0	0	0	0	0	0	0	0	0	0	9	12	0	0	0	0	0	0	0
fsh-generated/resources/CodeSystem-space-environmental-factors-cs.json	3208	1	0	0	1	0	0	0	0	2	0	0	0	0	0	0	0	0	0	0	10	13	0	0	0	0	0	0	0
fsh-generated/resources/CodeSystem-space-exercise-modality-cs.json	2307	1	0	0	0	0	0	0	0	2	0	0	0	0	0	0	0	0	0	0	8	11	0	0	0	0	0	0	0
fsh-generated/resources/CodeSystem-space-monitoring-procedures-cs.json	2814	1	0	0	0	0	0	0	0	1	0	0	0	0	0	0	0	0	0	0	21	13	0	0	0	0	0	0	0
fsh-generated/resources/CodeSystem-space-neurological-effects-cs.json	2275	1	0	0	0	0	0	0	0	2	0	0	0	0	0	0	0	0	0	0	8	11	0	0	0	0	0	0	0
fsh-generated/resources/CodeSystem-space-nutrition-type-cs.json	1322	1	0	0	0	0	0	0	0	1	0	0	0	0	0	0	0	0	0	0	7	12	0	0	0	0	1	0	0
fsh-generated/resources/CodeSystem-space-performance-metric-cs.json	2281	0	0	0	0	0	0	0	0	2	0	0	0	0	0	0	0	0	0	0	8	12	0	0	0	0	0	0	0
fsh-generated/resources/CodeSystem-space-physiological-effects-cs.json	3306	1	0	0	1	0	0	0	0	2	0	0	0	0	0	0	0	0	0	0	10	13	0	0	0	0	0	0	0
fsh-generated/resources/CodeSystem-space-preventive-health-cs.json	2805	1	0	0	0	0	0	0	0	1	0	0	0	0	0	0	0	0	0	0	10	13	0	0	0	0	0	0	0
fsh-generated/resources/CodeSystem-space-psychological-effects-cs.json	2830	1	0	0	0	0	0	0	0	2	0	0	0	0	0	0	0	0	0	0	9	13	0	0	0	0	0	0	0
fsh-generated/resources/CodeSystem-space-radiation-type-cs.json	743	1	0	0	0	0	0	0	0	1	0	0	0	0	0	0	0	0	0	0	5	12	0	0	0	0	0	0	0
fsh-generated/resources/CodeSystem-space-treatment-procedures-cs.json	2968	1	0	0	0	0	0	0	1	50	0	0	0	0	0	0	0	0	0	0	9	15	0	0	0	0	1	0	1
fsh-generated/resources/CodeSystem-space-visual-effects-cs.json	2105	1	0	0	1	0	0	0	0	4	0	0	0	0	0	0	0	0	0	0	8	11	0	0	0	0	0	0	0
fsh-generated/resources/CodeSystem-underwater-communication-cs.json	3268	1	0	0	0	0	0	0	0	2	0	0	0	0	0	0	0	0	0	0	10	14	0	0	0	0	0	0	0
fsh-generated/resources/Condition-ConditionAsphyxiation.json	488	1	0	0	0	0	0	0	0	4	0	0	0	0	0	0	0	0	0	0	4	16	0	0	0	0	0	0	0
fsh-generated/resources/Condition-ConditionBluntTrauma.json	474	1	0	0	0	0	0	0	0	1	0	0	0	0	0	0	0	0	0	0	4	7	0	0	0	0	0	0	0
fsh-generated/resources/Condition-ConditionBurn.json	480	1	0	0	0	0	0	0	0	0	0	0	0	0	0	0	0	0	0	0	4	4	0	0	0	0	0	0	0
fsh-generated/resources/Condition-ConditionHeartAttack.json	510	1	0	0	0	0	0	0	0	1	0	0	0	0	0	0	0	0	0	0	4	4	0	0	0	0	0	0	0
fsh-generated/resources/Condition-ConditionHypoxia.json	473	1	0	0	0	0	0	0	0	0	0	0	0	0	0	0	0	0	0	0	4	5	0	0	0	0	0	0	0
fsh-generated/resources/Condition-ConditionOccularDegeneration.json	507	0	0	0	0	0	0	0	0	4	0	0	0	0	0	0	0	0	0	0	4	5	0	0	0	0	0	0	0
fsh-generated/resources/Condition-ConditionOsteoporosis.json	483	1	0	0	0	0	0	0	0	4	0	0	0	0	0	0	0	0	0	0	3	5	0	0	0	0	0	0	0
fsh-generated/resources/Condition-ConditionRadiationExposure.json	514	1	0	0	0	0	0	0	0	1	0	0	0	0	0	0	0	0	0	0	4	4	0	0	0	0	0	0	0
fsh-generated/resources/Condition-ConditionSmokeInhalation.json	489	1	0	0	1	0	0	0	0	0	0	0	0	0	0	0	0	0	0	0	4	5	0	0	0	0	0	0	0
fsh-generated/resources/Condition-ConditionStroke.json	490	1	0	0	0	0	0	0	0	1	0	0	0	0	0	0	0	0	0	0	4	6	0	0	0	0	0	0	0
fsh-generated/resources/Contract-SpaceTourismTravelInsuranceContract.json	207	0	0	0	0	0	0	0	0	1	0	0	0	0	0	0	0	0	0	0	4	6	0	0	0	0	0	0	0
fsh-generated/resources/Device-AscentEntrySpacesuit.json	374	1	0	0	0	0	0	0	0	2	0	0	0	0	0	0	0	0	0	0	4	7	0	0	0	0	0	0	0
fsh-generated/resources/Device-AstroSpacesuit.json	362	1	0	0	0	0	0	0	0	0	0	0	0	0	0	0	0	0	0	0	4	4	0	0	0	0	0	0	0
fsh-generated/resources/Device-CislunarHighwayPatrolSystem.json	397	1	0	0	0	0	0	0	0	0	0	0	0	0	0	0	0	0	0	0	4	5	0	0	0	0	0	0	0
fsh-generated/resources/Device-DeviceAirLock.json	352	1	0	0	0	0	0	0	0	1	0	0	0	0	0	0	0	0	0	0	3	3	0	0	0	0	0	0	0
fsh-generated/resources/Device-DeviceCyberTruck.json	361	0	0	0	0	0	0	0	0	0	0	0	0	0	0	0	0	0	0	0	5	3	0	0	0	0	0	0	0
fsh-generated/resources/Device-DeviceFlightRecorder.json	380	1	0	0	0	0	0	0	0	1	0	0	0	0	0	0	0	0	0	0	3	4	0	0	0	0	0	0	0
fsh-generated/resources/Device-DeviceFlightSuit.json	361	1	0	0	0	0	0	0	0	0	0	0	0	0	0	0	0	0	0	0	4	4	0	0	0	0	0	0	0
fsh-generated/resources/Device-DeviceHospitalBed.json	364	1	0	0	0	0	0	0	0	0	0	0	0	0	0	0	0	0	0	0	4	3	0	0	0	0	0	0	0
fsh-generated/resources/Device-DeviceLunarRover.json	355	0	0	0	1	0	0	0	0	1	0	0	0	0	0	0	0	0	0	0	4	4	0	0	0	0	0	0	0
fsh-generated/resources/Device-DeviceOrbitalReef.json	373	1	0	0	0	0	0	0	0	0	0	0	0	0	0	0	0	0	0	0	3	3	0	0	0	0	0	0	0
fsh-generated/resources/Device-DeviceRadiotelescope.json	386	1	0	0	0	0	0	0	0	0	0	0	0	0	0	0	0	0	0	0	4	3	0	0	0	0	0	0	0
fsh-generated/resources/Device-DeviceSmartClothing.json	379	1	0	0	0	0	0	0	0	1	0	0	0	0	0	0	0	0	0	0	4	4	0	0	0	0	0	0	0
fsh-generated/resources/Device-DeviceSpaceGarage.json	358	0	0	0	0	0	0	0	0	1	0	0	0	0	0	0	0	0	0	0	4	4	0	0	0	0	0	0	0
fsh-generated/resources/Device-DeviceSpaceSuit.json	358	1	0	0	0	0	0	0	0	0	0	0	0	0	0	0	0	0	0	0	4	3	0	0	0	0	0	0	0
fsh-generated/resources/Device-DeviceSpaceTent.json	352	1	0	0	0	0	0	0	0	1	0	0	0	0	0	0	0	0	0	0	3	4	0	0	0	0	0	0	0
fsh-generated/resources/Device-DeviceTelehealthMonitor.json	382	1	0	0	0	0	0	0	0	0	0	0	0	0	0	0	0	0	0	0	4	3	0	0	0	0	0	0	0
fsh-generated/resources/Device-DeviceVitalSignsMonitor.json	384	1	0	0	1	0	0	0	0	0	0	0	0	0	0	0	0	0	0	0	4	4	0	0	0	0	0	0	0
fsh-generated/resources/Device-DreamChaserVehicle.json	360	0	0	0	0	0	0	0	0	1	0	0	0	0	0	0	0	0	0	0	6	4	0	0	0	0	0	0	0
fsh-generated/resources/Device-ISS-T2-Treadmill.json	350	1	0	0	0	0	0	0	0	1	0	0	0	0	0	0	0	0	0	0	17	4	0	0	0	0	0	0	0
fsh-generated/resources/Device-JamesWebTelescope.json	369	1	0	0	0	0	0	0	0	0	0	0	0	0	0	0	0	0	0	0	11	3	0	0	0	0	0	0	0
fsh-generated/resources/Device-NeutralBuoyancyFacilityEquipment.json	395	1	0	0	0	0	0	0	0	0	0	0	0	0	0	0	0	0	0	0	5	5	0	0	0	0	0	0	0
fsh-generated/resources/Device-ScubaDivingEquipment.json	370	1	0	0	0	0	0	0	0	1	0	0	0	0	0	0	0	0	0	0	7	3	0	0	0	0	0	0	0
fsh-generated/resources/Device-Starship-HLS-Artemis-III.json	447	0	0	0	0	0	0	0	0	0	0	0	0	0	0	0	0	0	0	0	6	6	0	0	0	0	0	0	0
fsh-generated/resources/Device-xEMU-Suit-001.json	453	1	0	0	1	0	0	0	0	0	0	0	0	0	0	0	0	0	0	0	5	5	0	0	0	0	0	0	0
fsh-generated/resources/Device-xEMUSpacesuit.json	359	1	0	0	0	0	0	0	0	0	0	0	0	0	0	0	0	0	0	0	12	4	0	0	0	0	0	0	0
fsh-generated/resources/Device-xEVASSpacesuit.json	361	1	0	0	0	0	0	0	0	1	0	0	0	0	0	0	0	0	0	0	4	4	0	0	0	0	0	0	0
fsh-generated/resources/Encounter-Artemis-III-Mission.json	342	1	0	0	0	0	0	0	0	60	0	0	0	0	0	0	0	0	0	0	5	9	0	0	0	0	0	0	0
fsh-generated/resources/Encounter-ISS-Exp75-InFlight.json	341	0	0	0	0	0	0	0	0	2	0	0	0	0	0	0	0	0	0	0	4	6	0	0	0	0	0	0	0
fsh-generated/resources/InsurancePlan-SpaceTourismTravelInsurance.json	196	1	0	0	0	0	0	0	0	0	0	0	0	0	0	0	0	0	0	0	3	5	0	0	0	1	0	0	0
fsh-generated/resources/Location-AquariusUnderwaterLaboratory.json	298	1	0	0	0	0	0	0	0	0	0	0	0	0	0	0	0	0	0	0	3	6	0	0	0	0	0	0	0
fsh-generated/resources/Location-ArtemisBaseCampHabitat.json	297	1	0	0	0	0	0	0	0	0	0	0	0	0	0	0	0	0	0	0	4	3	0	0	0	0	0	0	0
fsh-generated/resources/Location-Biosphere2UnderseaHabitat.json	278	0	0	0	0	0	0	0	0	0	0	0	0	0	0	0	0	0	0	0	3	3	0	0	0	0	0	0	0
fsh-generated/resources/Location-BlueOriginWestTexas.json	260	1	0	0	0	0	0	0	0	0	0	0	0	0	0	0	0	0	0	0	4	4	0	0	0	0	0	0	0
fsh-generated/resources/Location-BrooksAerospaceMedicine.json	292	1	0	0	0	0	0	0	0	1	0	0	0	0	0	0	0	0	0	0	3	4	0	0	0	0	0	0	0
fsh-generated/resources/Location-BrooksAltitudeChamber.json	271	1	0	0	0	0	0	0	0	0	0	0	0	0	0	0	0	0	0	0	3	4	0	0	0	0	0	0	0
fsh-generated/resources/Location-CHESAUnderseaLaboratory.json	307	0	0	0	1	0	0	0	0	0	0	0	0	0	0	0	0	0	0	0	4	3	0	0	0	0	0	0	0
fsh-generated/resources/Location-CSADavidFloridaLaboratory.json	390	1	0	0	0	0	0	0	0	0	0	0	0	0	0	0	0	0	0	0	3	3	0	0	0	0	0	0	0
fsh-generated/resources/Location-CSALifeSciencesResearch.json	275	1	0	0	0	0	0	0	0	0	0	0	0	0	0	0	0	0	0	0	4	3	0	0	0	0	0	0	0
fsh-generated/resources/Location-CrewDragonEndeavour.json	290	1	0	0	0	0	0	0	0	0	0	0	0	0	0	0	0	0	0	0	4	4	0	0	0	0	0	0	0
fsh-generated/resources/Location-CrewDragonResilience.json	296	0	0	0	0	0	0	0	0	0	0	0	0	0	0	0	0	0	0	0	4	3	0	0	0	0	0	0	0
fsh-generated/resources/Location-DLRAerospaceMedicine.json	264	1	0	0	0	0	0	0	1	0	0	0	0	0	0	0	0	0	0	0	4	4	0	0	0	0	0	0	0
fsh-generated/resources/Location-ESACentrfugeCologne.json	238	1	0	0	0	0	0	0	0	0	0	0	0	0	0	0	0	0	0	0	3	3	0	0	0	0	0	0	0
fsh-generated/resources/Location-EarthMoonL4L5Stations.json	310	1	0	0	0	0	0	0	0	1	0	0	0	0	0	0	0	0	0	0	4	3	0	0	0	0	0	0	0
fsh-generated/resources/Location-EdwardsAirForceBase.json	267	0	0	0	0	0	0	0	0	0	0	0	0	0	0	0	0	0	0	0	3	3	0	0	0	0	0	0	0
fsh-generated/resources/Location-EuropeanAstronautCentreNBL.json	394	1	0	0	0	0	0	0	0	0	0	0	0	0	0	0	0	0	0	0	4	4	0	0	0	0	0	0	0
fsh-generated/resources/Location-ExampleHyperbaricChamber.json	777	1	0	0	0	0	0	0	0	0	0	0	0	0	0	0	0	0	0	0	4	5	0	0	0	0	0	0	0
fsh-generated/resources/Location-Gateway-HALO-Module.json	1204	1	0	0	1	0	0	0	0	729	0	0	0	0	0	0	0	0	0	0	7	5	0	0	0	0	0	0	0
fsh-generated/resources/Location-HyperbaricChamberFacility.json	179	1	0	0	0	0	0	0	0	0	0	0	0	0	0	0	0	0	0	0	4	3	0	0	0	0	0	0	0
fsh-generated/resources/Location-InternationalSpaceStationColumbus.json	302	0	0	0	0	0	0	0	0	1	0	0	0	0	0	0	0	0	0	0	3	3	0	0	0	0	0	0	0
fsh-generated/resources/Location-InternationalSpaceStationCupola.json	320	1	0	0	0	0	0	0	0	0	0	0	0	0	0	0	0	0	0	0	4	4	0	0	0	0	0	0	0
fsh-generated/resources/Location-InternationalSpaceStationDestiny.json	289	1	0	0	0	0	0	0	0	0	0	0	0	0	0	0	0	0	0	0	4	4	0	0	0	0	0	0	0
fsh-generated/resources/Location-InternationalSpaceStationKibo.json	303	1	0	0	0	0	0	0	0	0	0	0	0	0	0	0	0	0	0	0	3	4	0	0	0	0	0	0	0
fsh-generated/resources/Location-InternationalSpaceStationUnity.json	303	0	0	0	0	0	0	0	0	0	0	0	0	0	0	0	0	0	0	0	4	3	0	0	0	0	0	0	0
fsh-generated/resources/Location-InternationalSpaceStationZvezda.json	317	1	0	0	0	0	0	0	0	0	0	0	0	0	0	0	0	0	0	0	4	3	0	0	0	0	0	0	0
fsh-generated/resources/Location-JAXASpaceBiomedicalResearch.json	269	1	0	0	0	0	0	0	0	0	0	0	0	0	0	0	0	0	0	0	3	4	0	0	0	0	0	0	0
fsh-generated/resources/Location-JamesWebbSpaceTelescope.json	294	1	0	0	0	0	0	0	0	0	0	0	0	0	0	0	0	0	0	0	4	3	0	0	0	0	0	0	0
fsh-generated/resources/Location-KSCMedicalFacility.json	269	0	0	0	1	0	0	0	0	0	0	0	0	0	0	0	0	0	0	0	3	4	0	0	0	0	0	0	0
fsh-generated/resources/Location-KennedySpaceCenter.json	226	1	0	0	0	0	0	0	0	1	0	0	0	0	0	0	0	0	0	0	4	3	0	0	0	0	0	0	0
fsh-generated/resources/Location-LabToOrbit.json	210	1	0	0	0	0	0	0	0	0	0	0	0	0	0	0	0	0	0	0	4	3	0	0	0	0	0	0	0
fsh-generated/resources/Location-LegangePoint2.json	217	1	0	0	0	0	0	0	0	0	0	0	0	0	0	0	0	0	0	0	4	3	0	0	0	0	0	0	0
fsh-generated/resources/Location-LocationAirlock1.json	94	1	0	0	0	0	0	0	0	0	0	0	0	0	0	0	0	0	0	0	3	4	0	0	0	0	0	0	0
fsh-generated/resources/Location-LocationArtemisSpaceCamp.json	230	0	0	0	0	0	0	0	0	0	0	0	0	0	0	0	0	0	0	0	4	4	0	0	0	0	0	0	0
fsh-generated/resources/Location-LocationBiosphere2.json	98	1	0	0	0	0	0	0	0	0	0	0	0	0	0	0	0	0	0	0	3	3	0	0	0	0	0	0	0
fsh-generated/resources/Location-LocationCrater0.json	91	1	0	0	0	0	0	0	0	0	0	0	0	0	0	0	0	0	0	0	3	3	0	0	0	0	0	0	0
fsh-generated/resources/Location-LocationCrater1.json	95	1	0	0	0	0	0	0	0	0	0	0	0	0	0	0	0	0	0	0	3	3	0	0	0	0	0	0	0
fsh-generated/resources/Location-LocationCrater2.json	101	0	0	0	0	0	0	0	0	0	0	0	0	0	0	0	0	0	0	0	3	3	0	0	0	0	0	0	0
fsh-generated/resources/Location-LocationCrater3.json	99	1	0	0	0	0	0	0	0	0	0	0	0	0	0	0	0	0	0	0	3	4	0	0	0	0	0	0	0
fsh-generated/resources/Location-LocationCyberTruck.json	99	1	0	0	1	0	0	0	0	0	0	0	0	0	0	0	0	0	0	0	3	3	0	0	0	0	0	0	0
fsh-generated/resources/Location-LocationDragon.json	98	1	0	0	0	0	0	0	0	0	0	0	0	0	0	0	0	0	0	0	3	4	0	0	0	0	0	0	0
fsh-generated/resources/Location-LocationIcuBed.json	91	0	0	0	0	0	0	0	0	0	0	0	0	0	0	0	0	0	0	0	4	7	0	0	0	0	0	0	0
fsh-generated/resources/Location-LocationIcuWard.json	93	1	0	0	0	0	0	0	0	1	0	0	0	0	0	0	0	0	0	0	3	6	0	0	0	0	0	0	0
fsh-generated/resources/Location-LocationInternationalSpaceStation.json	224	1	0	0	0	0	0	0	0	0	0	0	0	0	0	0	0	0	0	0	3	5	0	0	0	0	0	0	0
fsh-generated/resources/Location-LocationLunarBuggy.json	98	1	0	0	0	0	0	0	0	0	0	0	0	0	0	0	0	0	0	0	3	4	0	0	0	0	0	0	0
fsh-generated/resources/Location-LocationLunarGateway.json	215	0	0	0	0	0	0	0	0	0	0	0	0	0	0	0	0	0	0	0	4	3	0	0	0	0	0	0	0
fsh-generated/resources/Location-LocationLunarTent1.json	100	1	0	0	0	0	0	0	0	0	0	0	0	0	0	0	0	0	0	0	3	4	0	0	0	0	0	0	0
fsh-generated/resources/Location-LocationLunarVillage.json	221	1	0	0	0	0	0	0	0	0	0	0	0	0	0	0	0	0	0	0	4	3	0	0	0	0	0	0	0
fsh-generated/resources/Location-LocationMirSpaceStation.json	214	1	0	0	0	0	0	0	0	0	0	0	0	0	0	0	0	0	0	0	3	3	0	0	0	0	0	0	0
fsh-generated/resources/Location-LocationOrbitalReefSpaceStation.json	231	0	0	0	0	0	0	0	0	1	0	0	0	0	0	0	0	0	0	0	3	3	0	0	0	0	0	0	0
fsh-generated/resources/Location-LocationSoyez.json	96	1	0	0	0	0	0	0	0	0	0	0	0	0	0	0	0	0	0	0	4	4	0	0	0	0	0	0	0
fsh-generated/resources/Location-LocationSpaceGarage.json	101	1	0	0	1	0	0	0	0	0	0	0	0	0	0	0	0	0	0	0	3	3	0	0	0	0	0	0	0
fsh-generated/resources/Location-LocationSpaceLabSpaceStation.json	225	1	0	0	0	0	0	0	0	0	0	0	0	0	0	0	0	0	0	0	3	4	0	0	0	0	0	0	0
fsh-generated/resources/Location-LocationTaingong.json	221	1	0	0	0	0	0	0	0	0	0	0	0	0	0	0	0	0	0	0	4	3	0	0	0	0	0	0	0
fsh-generated/resources/Location-LunarGatewayHALO.json	325	0	0	0	0	0	0	0	0	0	0	0	0	0	0	0	0	0	0	0	3	3	0	0	0	0	0	0	0
fsh-generated/resources/Location-LunarGatewayPPE.json	313	1	0	0	0	0	0	0	0	0	0	0	0	0	0	0	0	0	0	0	4	3	0	0	0	0	0	0	0
fsh-generated/resources/Location-LunarSouthPoleBases.json	311	1	0	0	0	0	0	0	0	0	0	0	0	0	0	0	0	0	0	0	4	4	0	0	0	0	0	0	0
fsh-generated/resources/Location-Malapert-Massif-Landing-Site.json	1161	1	0	0	0	0	0	0	0	1	0	0	0	0	0	0	0	0	0	0	6	6	0	0	0	0	0	0	0
fsh-generated/resources/Location-MarsAscentVehicle.json	280	1	0	0	0	0	0	0	0	0	0	0	0	0	0	0	0	0	0	0	4	3	0	0	0	0	0	0	0
fsh-generated/resources/Location-MarsBaseAlpha.json	266	0	0	0	0	0	0	0	0	0	0	0	0	0	0	0	0	0	0	0	3	3	0	0	0	0	0	0	0
fsh-generated/resources/Location-MarsTransitVehicle.json	285	1	0	0	0	0	0	0	0	0	0	0	0	0	0	0	0	0	0	0	4	4	0	0	0	0	0	0	0
fsh-generated/resources/Location-MayoAerospaceMedicine.json	264	1	0	0	0	0	0	0	0	0	0	0	0	0	0	0	0	0	0	0	3	3	0	0	0	0	0	0	0
fsh-generated/resources/Location-NASAAmesResearchCenter.json	274	1	0	0	1	0	0	0	0	0	0	0	0	0	0	0	0	0	0	0	3	4	0	0	0	0	0	0	0
fsh-generated/resources/Location-NASAHyperbaricFacility.json	708	0	0	0	0	0	0	0	0	12	0	0	0	0	0	0	0	0	0	0	4	4	0	0	0	0	0	0	0
fsh-generated/resources/Location-NASANeutralBuoyancyLaboratory.json	488	1	0	0	0	0	0	0	0	0	0	0	0	0	0	0	0	0	0	0	4	4	0	0	0	0	0	0	0
fsh-generated/resources/Location-NASCOMRussianCentrifuge.json	232	1	0	0	0	0	0	0	0	0	0	0	0	0	0	0	0	0	0	0	3	4	0	0	0	0	0	0	0
fsh-generated/resources/Location-NavalMedicalResearchUnit.json	273	1	0	0	0	0	0	0	0	0	0	0	0	0	0	0	0	0	0	0	4	3	0	0	0	0	0	0	0
fsh-generated/resources/Location-PatuxentRiverNavalAirStation.json	276	1	0	0	0	0	0	0	0	0	0	0	0	0	0	0	0	0	0	0	3	4	0	0	0	0	0	0	0
fsh-generated/resources/Location-ShackletonCraterBase.json	304	0	0	0	0	0	0	0	0	0	0	0	0	0	0	0	0	0	0	0	4	4	0	0	0	0	0	0	0
fsh-generated/resources/Location-SoyuzMS.json	260	1	0	0	0	0	0	0	0	0	0	0	0	0	0	0	0	0	0	0	3	3	0	0	0	0	0	0	0
fsh-generated/resources/Location-SpaceXBocaChica.json	240	1	0	0	0	0	0	0	0	1	0	0	0	0	0	0	0	0	0	0	4	4	0	0	0	0	0	0	0
fsh-generated/resources/Location-SpaceXHawthorneFactory.json	265	1	0	0	1	0	0	0	0	0	0	0	0	0	0	0	0	0	0	0	3	4	0	0	0	0	0	0	0
fsh-generated/resources/Location-StarlinerCalypso.json	284	1	0	0	0	0	0	0	0	0	0	0	0	0	0	0	0	0	0	0	9	5	0	0	0	0	0	0	0
fsh-generated/resources/Location-SunEarthL1Station.json	296	0	0	0	0	0	0	0	0	0	0	0	0	0	0	0	0	0	0	0	4	4	0	0	0	0	0	0	0
fsh-generated/resources/Location-UTMBAerospaceResearch.json	276	1	0	0	0	0	0	0	0	0	0	0	0	0	0	0	0	0	0	0	3	3	0	0	0	0	0	0	0
fsh-generated/resources/Location-UniversityOfPennsylvaniaHyperbaric.json	293	1	0	0	0	0	0	0	0	0	0	0	0	0	0	0	0	0	0	0	4	4	0	0	0	0	0	0	0
fsh-generated/resources/Location-VirginGalacticSpaceport.json	260	1	0	0	0	0	0	0	0	0	0	0	0	0	0	0	0	0	0	0	3	3	0	0	0	0	0	0	0
fsh-generated/resources/Location-WrightPattersonAerospaceResearch.json	292	1	0	0	0	0	0	0	0	0	0	0	0	0	0	0	0	0	0	0	4	5	0	0	0	0	0	0	0
fsh-generated/resources/Location-YuriGagarinCosmonautTrainingCenter.json	382	0	0	0	0	0	0	0	0	0	0	0	0	0	0	0	0	0	0	0	4	3	0	0	0	0	0	0	0
fsh-generated/resources/Observation-Artemis-III-EVA1-Radiation.json	1893	1	0	0	0	0	0	0	0	2873	0	0	0	0	0	0	0	0	0	0	8	12	0	0	0	0	0	0	0
fsh-generated/resources/Observation-Artemis-III-Translunar-Radiation.json	1926	1	0	0	0	0	0	0	0	1107	0	0	0	0	0	0	0	0	0	0	9	7	0	0	0	0	0	0	0
fsh-generated/resources/Observation-ExampleDiveProfile.json	1464	1	0	0	1	0	0	0	0	4	0	0	0	0	0	0	0	0	0	0	5	6	0	0	0	0	0	0	0
fsh-generated/resources/Observation-ISS-AnxietyAssessment-PreEVA.json	1233	1	0	0	0	0	0	0	0	13	0	0	0	0	0	0	0	0	0	0	7	7	0	0	0	0	0	0	0
fsh-generated/resources/Observation-ISS-CognitiveReadiness-PostAnomaly.json	874	1	0	0	0	0	0	0	0	6	0	0	0	0	0	0	0	0	0	0	5	5	0	0	0	0	0	0	0
fsh-generated/resources/Observation-ISS-EVS-MinPerWeek-2025W23.json	1339	1	0	0	0	0	0	0	0	7	0	0	0	0	0	0	0	0	0	0	5	7	0	0	0	0	0	0	0
fsh-generated/resources/Observation-ISS-IsolationFactor-CircadianDrift.json	761	0	0	0	0	0	0	0	1	4	0	0	0	0	0	0	0	0	0	0	4	5	0	0	0	0	0	0	0
fsh-generated/resources/Observation-ISS-IsolationFactor-Confinement.json	750	1	0	0	0	0	0	0	0	3	0	0	0	0	0	0	0	0	0	0	4	5	0	0	0	0	0	0	0
fsh-generated/resources/Observation-ISS-IsolationFactor-InterpersonalFriction.json	782	1	0	0	0	0	0	0	0	2	0	0	0	0	0	0	0	0	0	0	4	6	0	0	0	0	0	0	0
fsh-generated/resources/Observation-ISS-MoodAssessment-Week12.json	1611	1	0	0	0	0	0	0	0	3	0	0	0	0	0	0	0	0	0	0	6	7	0	0	0	0	0	0	0
fsh-generated/resources/Observation-ISS-StressBurden-Day180.json	911	1	0	0	0	0	0	0	0	2	0	0	0	0	0	0	0	0	0	0	4	7	0	0	0	0	0	0	0
fsh-generated/resources/Observation-ISS-StressBurden-Day90.json	2005	1	0	0	0	0	0	0	0	3	0	0	0	0	0	0	0	0	0	0	7	6	0	0	0	0	0	0	0
fsh-generated/resources/Observation-ISS-T2-Run-Duration-001.json	1048	1	0	0	0	0	0	0	0	2	0	0	0	0	0	0	0	0	0	0	5	5	0	0	0	0	0	0	0
fsh-generated/resources/Observation-ISS-T2-Run-Group-001.json	1714	1	0	0	0	0	0	0	0	2	0	0	0	0	0	0	0	0	0	0	5	7	0	0	0	0	0	0	0
fsh-generated/resources/Observation-ISS-T2-Run-MeanHR-001.json	979	1	0	0	1	0	0	0	0	2	0	0	0	0	0	0	0	0	0	0	5	5	0	0	0	0	0	0	1
fsh-generated/resources/Observation-ISS-T2-Run-Type-001.json	1045	1	0	0	0	0	0	0	0	4	0	0	0	0	0	0	0	0	0	0	5	4	0	0	0	0	0	0	0
fsh-generated/resources/Observation-Observation.Environmental-1.json	392	0	0	0	0	0	0	0	0	0	0	0	0	0	0	0	0	0	0	0	3	4	0	0	0	0	0	0	0
fsh-generated/resources/Observation-Observation.Kepler.ECI.1.json	2028	1	0	0	0	0	0	0	0	0	0	0	0	0	0	0	0	0	0	0	6	5	0	0	0	0	0	0	0
fsh-generated/resources/Organization-AxiomSpace.json	84	1	0	0	0	0	0	0	0	0	0	0	0	0	0	0	0	0	0	0	3	4	0	0	0	0	0	0	0
fsh-generated/resources/Organization-CollinsAerospace.json	96	1	0	0	0	0	0	0	0	1	0	0	0	0	0	0	0	0	0	0	3	4	0	0	0	0	0	0	0
fsh-generated/resources/Organization-GlennResearchCenter.json	103	1	0	0	0	0	0	0	0	0	0	0	0	0	0	0	0	0	0	0	3	3	0	0	0	0	0	0	0
fsh-generated/resources/Organization-IlcDover.json	80	1	0	0	0	0	0	0	0	0	0	0	0	0	0	0	0	0	0	0	3	3	0	0	0	0	0	0	0
fsh-generated/resources/Organization-NASA.json	71	0	0	0	0	0	0	0	0	0	0	0	0	0	0	0	0	0	0	0	3	5	0	0	0	0	0	0	0
fsh-generated/resources/Organization-Oceaneering.json	85	1	0	0	0	0	0	0	0	0	0	0	0	0	0	0	0	0	0	0	3	5	0	0	0	0	0	0	0
fsh-generated/resources/Organization-PineParkEngineering.json	103	1	0	0	0	0	0	0	0	0	0	0	0	0	0	0	0	0	0	0	3	4	0	0	0	0	0	0	0
fsh-generated/resources/Organization-SieraSpace.json	85	1	0	0	0	0	0	0	0	0	0	0	0	0	0	0	0	0	0	0	3	4	0	0	0	0	0	0	0
fsh-generated/resources/Organization-SpaceForce.json	197	0	0	0	0	0	0	0	0	0	0	0	0	0	0	0	0	0	0	0	3	3	0	0	0	0	0	0	0
fsh-generated/resources/Organization-StarHarborAcademy.json	99	1	0	0	1	0	0	0	0	0	0	0	0	0	0	0	0	0	0	0	3	4	0	0	0	0	0	0	0
fsh-generated/resources/Organization-TRISH.json	73	1	0	0	0	0	0	0	0	0	0	0	0	0	0	0	0	0	0	0	4	3	0	0	0	0	0	0	0
fsh-generated/resources/Organization-UsDepartmentOfCommerce.json	107	1	0	0	0	0	0	0	0	0	0	0	0	0	0	0	0	0	0	0	3	4	0	0	0	0	0	0	0
fsh-generated/resources/Organization-UsDeptOfDefence.json	93	1	0	0	0	0	0	0	0	0	0	0	0	0	0	0	0	0	0	0	3	3	0	0	0	0	0	0	0
fsh-generated/resources/Organization-UsOfficeOfSpaceCommerce.json	111	0	0	0	0	0	0	0	0	0	0	0	0	0	0	0	0	0	0	0	3	5	0	0	0	0	0	0	0
fsh-generated/resources/Patient-ExampleAstronaut.json	449	1	0	0	0	0	0	0	0	137	0	0	0	0	0	0	0	0	0	0	4	6	0	0	0	0	0	0	0
fsh-generated/resources/Patient-janeway.json	266	1	0	0	0	0	0	0	0	0	0	0	0	0	0	0	0	0	0	0	3	3	0	0	0	0	0	0	0
fsh-generated/resources/Patient-kirk.json	256	1	0	0	0	0	0	0	0	0	0	0	0	0	0	0	0	0	0	0	4	4	0	0	0	0	0	0	0
fsh-generated/resources/Patient-redshirt1.json	258	1	0	0	0	0	0	0	0	0	0	0	0	0	0	0	0	0	0	0	3	3	0	0	0	0	0	0	0
fsh-generated/resources/Patient-redshirt2.json	258	0	0	0	0	0	0	0	0	0	0	0	0	0	0	0	0	0	0	0	3	5	0	0	0	0	0	0	0
fsh-generated/resources/Patient-sarek.json	257	1	0	0	0	0	0	0	0	0	0	0	0	0	0	0	0	0	0	0	4	5	0	0	0	0	0	0	0
fsh-generated/resources/Patient-space-construction-engineer-1.json	292	1	0	0	0	0	0	0	0	0	0	0	0	0	0	0	0	0	0	0	4	3	0	0	0	0	0	0	0
fsh-generated/resources/Patient-space-engineer-1.json	272	1	0	0	1	0	0	0	0	1	0	0	0	0	0	0	0	0	0	0	3	3	0	0	0	0	0	0	0
fsh-generated/resources/Patient-spaceminer1.json	264	1	0	0	0	0	0	0	0	0	0	0	0	0	0	0	0	0	0	0	4	4	0	0	0	0	0	0	0
fsh-generated/resources/PlanDefinition-Artemis-III-Mission-Plan.json	2590	1	0	0	0	0	0	0	0	11	0	0	0	0	0	0	0	0	0	0	15	12	0	0	0	0	0	0	0
fsh-generated/resources/Procedure-Artemis-III-EVA-1.json	1282	0	0	0	0	0	0	0	0	4	0	0	0	0	0	0	0	0	0	0	7	11	0	0	0	0	0	0	0
fsh-generated/resources/Procedure-Artemis-III-EVA-2.json	1303	1	0	0	0	0	0	0	0	1	0	0	0	0	0	0	0	0	0	0	7	8	0	0	0	0	0	0	0
fsh-generated/resources/Procedure-ExampleDiveMedicalClearance.json	564	1	0	0	0	0	0	0	0	1	0	0	0	0	0	0	0	0	0	0	4	5	0	0	0	0	0	0	0
fsh-generated/resources/Procedure-ExampleNeutralBuoyancySession.json	575	1	0	0	0	0	0	0	0	0	0	0	0	0	0	0	0	0	0	0	4	6	0	0	0	1	0	0	0
fsh-generated/resources/Procedure-ISS-BrightLightTherapy-Week8.json	1490	1	0	0	0	0	0	0	0	1	0	0	0	0	0	0	0	0	0	0	6	9	0	0	0	0	0	0	0
fsh-generated/resources/Procedure-ISS-CBT-Session-Week12.json	1472	1	0	0	0	0	0	0	1	15	0	0	0	0	0	0	0	0	0	0	5	8	0	0	0	0	0	0	0
fsh-generated/resources/Procedure-ISS-CrewDebrief-PostAnomaly.json	1523	1	0	0	0	0	0	0	0	1	0	0	0	0	0	0	0	0	0	0	6	6	0	0	0	0	0	0	0
fsh-generated/resources/Procedure-ISS-Exercise-Session-Proc-001.json	812	0	0	0	0	0	0	0	0	1	0	0	0	0	0	0	0	0	0	0	4	8	0	0	0	0	0	0	0
fsh-generated/resources/Procedure-ISS-GuidedMeditation-Daily.json	1034	1	0	0	0	0	0	0	0	1	0	0	0	0	0	0	0	0	0	0	5	7	0	0	0	0	0	0	0
fsh-generated/resources/Procedure-ProcedureBoneDensitometry.json	488	1	0	0	0	0	0	0	0	0	0	0	0	0	0	0	0	0	0	0	4	5	0	0	0	0	0	0	0
fsh-generated/resources/Procedure-ProcedureCompression.json	472	1	0	0	0	0	0	0	0	0	0	0	0	0	0	0	0	0	0	0	4	5	0	0	0	0	0	0	0
fsh-generated/resources/Procedure-ProcedureDecompression.json	476	1	0	0	1	0	0	0	0	0	0	0	0	0	0	0	0	0	0	0	4	5	0	0	0	0	0	0	0
fsh-generated/resources/Procedure-ProcedureEyeExam.json	465	1	0	0	0	0	0	0	0	1	0	0	0	0	0	0	0	0	0	0	3	5	0	0	0	0	0	0	0
fsh-generated/resources/Procedure-ProcedureHearingExam.json	473	0	0	0	0	0	0	0	0	0	0	0	0	0	0	0	0	0	0	0	4	5	0	0	0	0	0	0	0
fsh-generated/resources/Procedure-ProcedureUltrasound.json	490	1	0	0	0	0	0	0	0	0	0	0	0	0	0	0	0	0	0	0	9	5	0	0	0	0	0	0	0
fsh-generated/resources/Questionnaire-AstronautFlightReadinessQuestionnaire.json	6950	2	0	0	0	0	0	0	0	15	0	0	0	0	0	0	0	0	0	0	77	20	0	0	0	0	2	0	0
fsh-generated/resources/Questionnaire-FAA8500Questionnaire.json	44625	3	0	0	0	0	0	0	2	32	0	0	0	0	0	0	0	0	0	0	286	66	0	0	0	0	5	0	1
fsh-generated/resources/Questionnaire-GShockEligibility.json	9716	1	0	0	0	0	0	0	0	5	0	0	0	0	0	0	0	0	0	0	62	11	0	0	0	0	1	0	0
fsh-generated/resources/Questionnaire-HERAAnalogMissionApplication.json	13215	2	0	0	0	0	0	0	0	22	0	0	0	0	0	0	0	0	0	0	99	80	0	0	0	0	2	0	0
fsh-generated/resources/Questionnaire-TraumaEFASTQuestionnaire.json	5996	1	0	0	0	0	0	0	1	4	0	0	0	0	0	0	0	0	0	0	56	24	0	0	0	0	1	0	0
fsh-generated/resources/RiskAssessment-RiskAssesmentAtmosphere.json	316	1	0	0	0	0	0	0	0	2	0	0	0	0	0	0	0	0	0	0	5	8	0	0	0	0	0	0	0
fsh-generated/resources/RiskAssessment-RiskAssesmentCalorieRestriction.json	324	1	0	0	0	0	0	0	0	1	0	0	0	0	0	0	0	0	0	0	3	5	0	0	0	0	0	0	0
fsh-generated/resources/RiskAssessment-RiskAssesmentCancer.json	312	1	0	0	1	0	0	0	0	1	0	0	0	0	0	0	0	0	0	0	4	5	0	0	0	0	0	0	0
fsh-generated/resources/RiskAssessment-RiskAssesmentContamination.json	319	1	0	0	0	0	0	0	0	1	0	0	0	0	0	0	0	0	0	0	4	4	0	0	0	0	0	0	0
fsh-generated/resources/RiskAssessment-RiskAssesmentFlightRisk.json	316	0	0	0	0	0	0	0	0	1	0	0	0	0	0	0	0	0	0	0	4	4	0	0	0	0	0	0	0
fsh-generated/resources/RiskAssessment-RiskAssesmentMission.json	313	1	0	0	0	0	0	0	0	0	0	0	0	0	0	0	0	0	0	0	3	4	0	0	0	0	0	0	0
fsh-generated/resources/StructureDefinition-AstrodynamicsObservation.json	715	1	0	22	0	0	0	0	0	10	0	0	0	0	0	0	0	0	0	0	90	781	0	0	0	0	2	1	1
fsh-generated/resources/StructureDefinition-Astronaut.json	1145	1	0	22	0	0	0	0	0	6	0	0	0	0	0	0	0	1	0	0	83	138	0	0	0	0	2	1	1
fsh-generated/resources/StructureDefinition-BarotraumaAssessment.json	5214	1	0	31	0	0	0	0	0	13	0	0	0	0	0	0	0	0	0	0	215	359	0	0	0	0	4	0	1
fsh-generated/resources/StructureDefinition-DecompressionSickness.json	4298	1	0	30	0	0	0	0	0	9	0	0	0	0	0	0	0	0	0	0	144	181	0	0	0	0	3	0	1
fsh-generated/resources/StructureDefinition-DiveMedicalClearance.json	3536	1	0	33	0	0	0	0	0	6	0	0	0	0	0	0	0	1	0	0	103	178	0	0	0	0	2	1	0
fsh-generated/resources/StructureDefinition-DiveProfile.json	8356	2	0	44	0	0	0	0	0	35	0	0	0	0	0	0	0	0	0	0	366	382	0	0	0	0	7	0	2
fsh-generated/resources/StructureDefinition-DivingEquipment.json	791	1	0	32	0	0	0	0	0	5	0	0	0	0	0	0	0	1	0	0	92	119	0	0	0	0	2	1	1
fsh-generated/resources/StructureDefinition-EnvironmentalMonitoring.json	648	0	0	18	0	0	0	0	0	5	0	0	0	0	0	0	0	0	0	0	91	113	0	0	0	0	2	0	1
fsh-generated/resources/StructureDefinition-EnvironmentalMonitoringLogicalModel.json	23261	2	0	18	0	0	0	0	0	16	0	0	0	0	0	0	0	0	0	0	170	192	0	0	0	0	3	0	0
fsh-generated/resources/StructureDefinition-GimbalScreening.json	2780	1	0	33	0	0	0	0	0	12	0	0	1	0	0	1	0	1	0	0	237	255	0	0	0	0	5	1	2
fsh-generated/resources/StructureDefinition-HyperbaricTreatment.json	4739	1	0	32	1	0	0	0	0	6	0	0	0	0	0	0	0	0	0	0	109	155	0	0	0	0	2	0	0
fsh-generated/resources/StructureDefinition-NeutralBuoyancyFacility.json	663	1	0	25	0	0	0	0	0	3	0	0	0	0	0	0	0	0	0	0	53	134	0	0	0	0	1	0	1
fsh-generated/resources/StructureDefinition-NeutralBuoyancySession.json	4439	1	0	26	0	0	0	0	0	17	0	0	0	0	0	0	0	1	0	0	107	122	0	0	0	0	3	0	0
fsh-generated/resources/StructureDefinition-SpaceCondition.json	627	1	0	0	0	0	0	0	0	4	0	0	0	0	0	0	0	0	0	0	63	92	0	0	0	0	1	1	0
fsh-generated/resources/StructureDefinition-SpaceEquipment.json	619	1	0	0	0	0	0	0	0	5	0	0	0	0	0	0	0	0	0	0	81	113	0	0	0	0	2	0	1
fsh-generated/resources/StructureDefinition-SpaceInsurance.json	621	1	0	19	0	0	0	0	0	6	0	0	0	0	0	0	0	1	0	0	99	128	0	0	0	0	2	0	0
fsh-generated/resources/StructureDefinition-SpaceInsuranceContract.json	649	1	0	45	0	0	0	0	0	11	0	0	0	0	0	0	0	1	0	0	218	254	0	0	0	0	5	1	1
fsh-generated/resources/StructureDefinition-SpaceLocation.json	651	1	0	0	0	0	0	0	0	4	0	0	0	0	0	0	0	0	0	0	58	124	0	0	0	0	1	0	0
fsh-generated/resources/StructureDefinition-SpaceOrg.json	629	0	0	12	0	0	0	0	0	7	0	0	0	0	0	0	0	0	0	0	45	110	0	0	0	0	1	0	0
fsh-generated/resources/StructureDefinition-SpaceProcedure.json	634	1	0	15	0	0	0	0	0	7	0	0	0	0	0	0	0	0	0	0	70	119	0	0	0	0	2	0	1
fsh-generated/resources/StructureDefinition-SpaceRiskAssesment.json	649	1	0	13	0	0	0	0	0	4	0	0	0	0	0	0	0	0	0	0	48	76	0	0	0	0	1	0	0
fsh-generated/resources/StructureDefinition-SpaceVehicle.json	674	1	0	14	1	0	0	0	0	4	0	0	0	0	0	0	0	0	0	0	55	79	0	0	0	0	1	1	0
fsh-generated/resources/StructureDefinition-SpacecraftLifeSupportTelemetry.json	20402	2	0	19	0	0	0	0	0	10	0	0	0	0	0	0	0	1	0	0	143	128	0	0	0	0	3	0	0
fsh-generated/resources/StructureDefinition-UnderwaterEVASimulation.json	2304	1	0	22	0	0	0	0	0	6	0	0	0	0	0	0	0	0	0	0	90	113	0	0	0	0	2	0	1
fsh-generated/resources/StructureDefinition-advanced-dive-profile.json	13591	1	0	61	0	0	0	0	0	26	0	0	0	0	0	0	0	1	0	0	473	409	0	0	0	0	10	0	1
fsh-generated/resources/StructureDefinition-artemis-radiation-exposure.json	5819	2	0	33	0	0	0	0	0	12	0	0	0	0	0	0	0	1	0	0	235	275	0	0	0	0	6	1	1
fsh-generated/resources/StructureDefinition-behavioral-health-state.json	5140	1	0	28	0	0	0	0	0	16	0	0	1	0	0	0	0	0	0	0	237	226	0	0	0	0	5	0	1
fsh-generated/resources/StructureDefinition-calorie-deficit-assessment.json	7888	1	0	32	0	0	0	0	0	21	0	0	0	0	0	0	0	1	0	0	232	230	0	0	0	0	5	0	0
fsh-generated/resources/StructureDefinition-cardiovascular-fitness.json	1456	1	0	9	0	0	0	0	0	3	0	0	0	0	0	0	0	0	0	0	21	46	0	0	0	0	0	0	0
fsh-generated/resources/StructureDefinition-chamber-configuration.json	1449	1	0	8	0	0	0	0	0	3	0	0	0	0	0	0	0	0	0	0	18	76	0	0	0	0	1	0	0
fsh-generated/resources/StructureDefinition-chamber-type.json	1471	1	0	45	0	0	0	0	0	2	0	0	0	0	0	0	0	0	0	0	19	53	0	0	0	0	0	1	0
fsh-generated/resources/StructureDefinition-communication-session-assessment.json	7677	1	0	32	0	0	0	0	0	14	0	0	0	0	0	0	0	1	0	0	272	296	0	0	0	0	5	0	1
fsh-generated/resources/StructureDefinition-communication-systems.json	1492	1	0	9	0	0	0	0	0	3	0	0	0	0	0	0	0	0	0	0	20	49	0	0	0	0	1	0	0
fsh-generated/resources/StructureDefinition-complication-monitoring.json	1422	1	0	7	0	0	0	0	0	5	0	0	0	0	0	0	0	0	0	0	19	46	0	0	0	0	0	0	0
fsh-generated/resources/StructureDefinition-crew-coordination.json	1313	1	0	2	0	0	0	0	0	3	0	0	0	0	0	0	0	0	0	0	19	48	0	0	0	0	0	0	0
fsh-generated/resources/StructureDefinition-cumulative-radiation-dose.json	6803	1	0	83	0	0	0	0	0	33	0	0	0	0	0	0	0	1	0	0	448	434	0	0	0	0	8	1	2
fsh-generated/resources/StructureDefinition-cumulative-stress-burden.json	5051	1	0	23	0	0	0	0	0	10	0	0	0	0	0	0	0	0	0	0	205	193	0	0	0	0	5	0	0
fsh-generated/resources/StructureDefinition-decompression-algorithm.json	1510	1	0	2	1	0	0	0	0	3	0	0	0	0	0	0	0	0	0	0	20	50	0	0	0	0	0	0	0
fsh-generated/resources/StructureDefinition-decompression-protocol.json	5300	1	0	16	0	0	0	0	0	5	0	0	0	0	0	0	0	1	0	0	129	116	0	0	0	0	3	0	1
fsh-generated/resources/StructureDefinition-derived-from-group.json	1510	1	0	9	0	0	0	0	0	3	0	0	0	0	0	0	0	0	0	0	23	56	0	0	0	0	0	0	0
fsh-generated/resources/StructureDefinition-diagnostic-report-mission-context.json	1584	1	0	4	0	0	0	0	0	2	0	0	0	0	0	0	0	0	0	0	24	88	0	0	0	0	1	0	0
fsh-generated/resources/StructureDefinition-diving-contraindications.json	1456	1	0	2	0	0	0	0	0	2	0	0	0	0	0	0	0	0	0	0	20	52	0	0	0	0	0	1	0
fsh-generated/resources/StructureDefinition-emergency-procedures.json	1422	1	0	1	0	0	0	0	0	2	0	0	0	0	0	0	0	0	0	0	20	56	0	0	1	0	0	0	0
fsh-generated/resources/StructureDefinition-emergency-response.json	1307	1	0	2	0	0	0	0	0	2	0	0	0	0	0	0	0	0	0	0	18	58	0	0	0	0	1	0	0
fsh-generated/resources/StructureDefinition-emergency-type.json	1272	1	0	2	0	0	0	0	0	2	0	0	0	0	0	0	0	0	0	0	19	54	0	0	0	0	0	0	0
fsh-generated/resources/StructureDefinition-energy-expenditure.json	1572	1	0	1	0	0	0	0	0	2	0	0	0	0	0	0	0	0	0	0	30	56	0	0	0	0	0	1	0
fsh-generated/resources/StructureDefinition-enhanced-hyperbaric-treatment.json	6007	1	0	12	0	0	0	0	1	9	0	0	0	0	0	0	0	0	0	0	113	118	0	0	0	0	3	0	1
fsh-generated/resources/StructureDefinition-enhanced-neutral-buoyancy-session.json	6039	1	0	13	0	0	0	0	0	6	0	0	0	0	0	0	0	1	0	0	117	114	0	0	0	0	2	0	0
fsh-generated/resources/StructureDefinition-environmental-conditions.json	3939	1	0	2	0	0	0	0	0	4	0	0	0	0	0	0	0	0	0	0	65	62	0	0	0	0	2	1	1
fsh-generated/resources/StructureDefinition-environmental-factors.json	1510	1	0	2	0	0	0	0	0	2	0	0	0	0	0	0	0	0	0	0	19	43	0	0	0	0	8	0	0
fsh-generated/resources/StructureDefinition-eva-number.json	1337	1	0	1	0	0	0	0	0	2	0	0	0	0	0	0	0	0	0	0	24	43	0	0	0	0	0	0	0
fsh-generated/resources/StructureDefinition-eva-procedure.json	4782	1	0	12	1	0	0	0	0	6	0	0	0	0	0	0	0	0	0	0	123	121	0	0	0	0	3	0	0
fsh-generated/resources/StructureDefinition-exercise-device.json	1556	1	0	2	0	0	0	0	0	2	0	0	0	0	0	0	0	0	0	0	19	43	0	0	0	0	0	0	0
fsh-generated/resources/StructureDefinition-habitat-location.json	2741	1	0	10	0	0	0	0	0	12	0	0	0	0	0	0	0	0	0	0	73	108	0	0	0	0	2	0	1
fsh-generated/resources/StructureDefinition-harness-load.json	1637	1	0	3	0	0	0	0	0	4	0	0	0	0	0	0	0	0	0	0	30	66	0	0	0	0	0	0	0
fsh-generated/resources/StructureDefinition-hydration-deficit.json	1561	0	0	3	0	0	0	0	0	3	0	0	0	0	0	0	0	1	0	0	30	53	0	0	0	0	1	0	0
fsh-generated/resources/StructureDefinition-hydration-status-observation.json	4368	1	0	11	0	0	0	0	0	22	0	0	0	0	0	0	0	0	0	0	132	143	0	0	0	0	3	0	1
fsh-generated/resources/StructureDefinition-hyperbaric-capabilities.json	1513	1	0	2	0	0	0	0	0	3	0	0	0	0	0	0	0	0	0	0	20	48	0	0	0	0	0	0	0
fsh-generated/resources/StructureDefinition-hyperbaric-chamber.json	4887	1	0	11	0	0	0	0	0	10	0	0	0	0	0	0	0	0	0	0	124	122	0	0	0	0	3	0	0
fsh-generated/resources/StructureDefinition-inventory-risk-flag.json	1461	1	0	2	0	0	0	0	0	2	0	0	0	0	0	0	0	0	0	0	19	58	0	0	0	0	0	0	0
fsh-generated/resources/StructureDefinition-isolation-risk.json	1508	1	0	2	0	0	0	0	0	2	0	0	0	0	0	0	0	0	0	0	21	43	0	0	0	0	0	0	0
fsh-generated/resources/StructureDefinition-lessons-learned.json	1299	1	0	1	0	0	0	0	0	2	0	0	0	0	0	0	0	0	0	0	19	41	0	0	0	0	1	0	0
fsh-generated/resources/StructureDefinition-location-capabilities.json	1341	1	0	2	0	0	0	0	0	2	0	0	0	0	0	0	0	0	0	0	19	42	0	0	0	0	0	0	0
fsh-generated/resources/StructureDefinition-location-hierarchy.json	1430	1	0	2	0	0	0	0	0	1	0	0	0	0	0	0	0	0	0	0	22	42	0	0	0	0	0	0	0
fsh-generated/resources/StructureDefinition-lunar-coordinates.json	2758	1	0	1	0	0	0	0	0	3	0	0	0	0	0	0	0	0	0	0	48	54	0	0	0	0	1	1	1
fsh-generated/resources/StructureDefinition-maximum-depth-reached.json	1623	1	0	2	1	0	0	0	0	3	0	0	0	0	0	0	0	0	0	0	32	58	0	0	0	0	0	0	0
fsh-generated/resources/StructureDefinition-maximum-depth.json	1409	1	0	2	0	0	0	0	0	2	0	0	0	0	0	0	0	1	0	0	29	51	0	0	0	0	1	0	0
fsh-generated/resources/StructureDefinition-maximum-pressure.json	1595	1	0	1	0	0	0	0	0	2	0	0	0	0	0	0	0	0	0	0	30	50	0	0	0	0	0	0	0
fsh-generated/resources/StructureDefinition-medical-intervention.json	1438	0	0	2	0	0	0	0	0	2	0	0	0	0	0	0	0	0	0	0	20	41	0	0	0	0	1	0	0
fsh-generated/resources/StructureDefinition-metabolic-risk-summary.json	4812	2	0	7	0	0	0	0	0	5	0	0	0	0	0	0	0	0	0	0	99	110	0	0	0	0	2	0	0
fsh-generated/resources/StructureDefinition-mission-context.json	1528	0	0	2	0	0	0	0	0	2	0	0	0	0	0	0	0	0	0	0	19	43	0	0	0	0	0	0	0
fsh-generated/resources/StructureDefinition-mission-plan.json	3052	1	0	16	0	0	0	0	0	6	0	0	0	0	0	0	0	0	0	0	164	179	0	0	0	0	4	0	1
fsh-generated/resources/StructureDefinition-operational-status.json	1436	1	0	2	0	0	0	0	0	2	0	0	0	0	0	0	0	0	0	0	21	40	0	0	0	0	0	0	0
fsh-generated/resources/StructureDefinition-oxygen-capability.json	1299	1	0	2	0	0	0	0	0	2	0	0	0	0	0	0	0	0	0	0	19	42	0	0	0	0	1	0	0
fsh-generated/resources/StructureDefinition-oxygen-concentration.json	1417	1	0	1	0	0	0	0	0	2	0	0	0	0	0	0	0	1	0	0	29	49	0	0	0	0	0	0	0
fsh-generated/resources/StructureDefinition-patient-monitoring.json	1430	1	0	1	0	0	0	0	0	2	0	0	0	0	0	0	0	0	0	0	19	42	0	0	0	0	1	0	0
fsh-generated/resources/StructureDefinition-psychological-countermeasure-activity.json	3333	1	0	23	0	0	0	0	0	5	0	0	0	0	0	0	0	0	0	0	106	95	0	0	0	0	2	1	1
fsh-generated/resources/StructureDefinition-pulmonary-function.json	1428	1	0	2	0	0	0	0	0	2	0	0	0	0	0	0	0	0	0	0	20	42	0	0	0	0	0	0	0
fsh-generated/resources/StructureDefinition-radiation-countermeasures.json	1522	1	0	1	1	0	0	0	0	2	0	0	0	0	0	0	0	0	0	0	21	41	0	0	0	0	1	0	0
fsh-generated/resources/StructureDefinition-radiation-detector.json	9053	1	0	23	0	0	0	0	0	15	0	0	0	0	0	0	0	1	0	0	324	214	0	0	0	0	5	0	1
fsh-generated/resources/StructureDefinition-radiation-shielding.json	2767	1	0	2	0	0	0	0	0	4	0	0	0	0	0	0	0	0	0	0	45	50	0	0	0	0	1	0	0
fsh-generated/resources/StructureDefinition-radiation-type.json	1423	1	0	2	0	0	0	0	0	3	0	0	0	0	0	0	0	0	0	0	22	39	0	0	0	0	0	0	0
fsh-generated/resources/StructureDefinition-regulatory-compliance-assessment.json	6073	1	0	18	0	0	0	0	0	10	0	0	0	0	0	0	0	0	0	0	227	202	0	0	0	0	7	1	1
fsh-generated/resources/StructureDefinition-regulatory-compliance.json	1481	1	0	1	0	0	0	0	0	2	0	0	0	0	0	0	0	0	0	0	19	41	0	0	0	0	0	0	0
fsh-generated/resources/StructureDefinition-rehydration-requirement.json	1739	1	0	3	0	0	0	0	0	2	0	0	1	0	0	0	0	0	0	0	37	95	0	0	0	0	1	0	0
fsh-generated/resources/StructureDefinition-rescue-procedures.json	1312	1	0	2	0	0	0	0	0	2	0	0	0	0	0	0	0	0	0	0	19	40	0	0	0	0	0	0	0
fsh-generated/resources/StructureDefinition-response-time.json	1299	1	0	1	0	0	0	0	0	3	0	0	0	0	0	0	0	0	0	0	18	41	0	0	0	0	0	0	0
fsh-generated/resources/StructureDefinition-safety-protocols.json	1466	1	0	2	0	0	0	0	0	2	0	0	0	0	0	0	0	0	0	0	19	39	0	0	0	0	1	0	0
fsh-generated/resources/StructureDefinition-safety-stop-compliance.json	3195	1	0	2	0	0	0	0	0	10	0	0	0	0	0	0	0	0	0	0	56	55	0	0	0	0	1	0	0
fsh-generated/resources/StructureDefinition-session-duration.json	1305	1	0	1	1	0	0	0	0	2	0	0	0	0	0	0	0	0	0	0	19	39	0	0	0	0	0	0	0
fsh-generated/resources/StructureDefinition-shelf-life-decay.json	1372	1	0	2	0	0	0	0	0	2	0	0	0	0	0	0	0	1	0	0	19	40	0	0	0	0	0	0	0
fsh-generated/resources/StructureDefinition-shielding-mass.json	1536	1	0	2	0	0	0	0	0	3	0	0	0	0	0	0	0	0	0	0	30	47	0	0	0	0	1	0	1
fsh-generated/resources/StructureDefinition-space-evs-minutes-per-week.json	4924	1	0	13	0	0	0	0	0	10	0	0	0	0	0	0	0	0	0	0	145	148	0	0	0	0	3	0	0
fsh-generated/resources/StructureDefinition-space-exercise-activity-group.json	5582	1	0	50	0	0	0	0	0	7	0	0	0	0	0	0	0	0	0	0	140	137	0	0	0	0	3	0	1
fsh-generated/resources/StructureDefinition-space-exercise-activity-measure.json	5570	2	0	20	0	0	0	0	0	7	0	0	0	0	0	0	0	1	0	0	166	159	0	0	0	0	4	0	0
fsh-generated/resources/StructureDefinition-space-exercise-session.json	3585	1	0	8	0	0	0	0	0	5	0	0	0	0	0	0	0	0	0	0	101	94	0	0	0	0	2	0	1
fsh-generated/resources/StructureDefinition-space-nutrition-intake.json	8374	1	0	22	0	0	0	0	0	12	0	0	0	0	0	0	0	1	0	0	269	232	0	0	0	0	6	1	1
fsh-generated/resources/StructureDefinition-space-nutrition-inventory-item.json	2024	1	0	4	0	0	0	0	0	4	0	0	0	0	0	0	0	0	0	0	45	55	0	0	0	0	1	0	0
fsh-generated/resources/StructureDefinition-space-nutrition-product.json	2995	1	0	6	0	0	0	0	0	3	0	0	0	0	0	0	0	0	0	0	69	135	0	0	0	0	1	0	0
fsh-generated/resources/StructureDefinition-space-radiation-exposure.json	13133	2	0	0	0	0	0	0	0	16	0	0	0	0	0	0	0	1	0	0	373	330	0	0	0	0	7	0	2
fsh-generated/resources/StructureDefinition-space-radiation-summary.json	4550	1	0	6	0	0	0	0	0	4	0	0	0	0	0	0	0	0	0	0	94	106	0	0	0	0	2	0	1
fsh-generated/resources/StructureDefinition-suit-configuration.json	1455	1	0	2	1	0	0	0	0	2	0	0	0	0	0	0	0	0	0	0	19	41	0	1	0	0	0	0	0
fsh-generated/resources/StructureDefinition-task-completion-metrics.json	1338	1	0	1	0	0	0	0	0	2	0	0	0	0	0	0	0	0	0	0	19	38	0	0	0	0	1	0	0
fsh-generated/resources/StructureDefinition-tool-usage-assessment.json	1326	0	0	1	0	0	0	0	0	2	0	0	0	0	0	0	0	0	0	0	19	37	0	0	0	0	0	0	0
fsh-generated/resources/StructureDefinition-total-decompression-time.json	1350	1	0	2	0	0	0	0	0	2	0	0	0	0	0	0	0	0	0	0	19	41	0	0	0	0	0	0	0
fsh-generated/resources/StructureDefinition-training-objectives.json	1309	1	0	1	0	0	0	0	0	2	0	0	0	0	0	0	0	0	0	0	18	45	0	0	0	0	0	0	0
fsh-generated/resources/StructureDefinition-treatment-duration.json	1277	1	0	1	0	0	0	0	0	2	0	0	0	0	0	0	0	0	0	0	19	41	0	0	0	0	1	0	0
fsh-generated/resources/StructureDefinition-treatment-table.json	1301	1	0	2	0	0	0	0	0	1	0	0	0	0	0	0	0	0	0	0	18	40	0	0	0	0	0	0	0
fsh-generated/resources/StructureDefinition-underwater-communication-system.json	5751	1	0	11	0	0	0	0	0	11	0	0	0	0	0	0	0	1	0	0	232	197	0	0	0	0	4	0	1
fsh-generated/resources/StructureDefinition-underwater-emergency-response.json	4768	1	0	10	0	0	0	0	0	9	0	0	0	0	0	0	0	0	0	0	104	101	0	0	0	0	3	1	0
fsh-generated/resources/StructureDefinition-vestibular-assessment.json	1440	1	0	1	0	0	0	0	0	2	0	0	0	0	0	0	0	0	0	0	20	38	0	0	0	0	0	0	0
fsh-generated/resources/StructureDefinition-vital-signs-panel.json	6736	2	0	20	0	0	0	0	0	17	0	0	0	0	0	0	0	1	0	0	170	155	0	0	0	0	4	0	1
fsh-generated/resources/ValueSet-AircraftFumeExposureValueSet.json	2509	0	0	0	0	0	0	0	0	25	0	0	0	0	0	0	0	0	0	0	8	34	0	0	0	0	0	0	0
fsh-generated/resources/ValueSet-AstronautBackPain.json	1102	1	0	0	0	0	0	0	1	2	0	0	0	0	0	0	0	0	0	0	5	19	0	0	0	0	0	0	0
fsh-generated/resources/ValueSet-GimbalContraindicatedConditions.json	1604	1	0	0	1	0	0	0	0	2	0	0	0	0	0	0	0	0	0	0	7	19	0	0	0	0	0	0	0
fsh-generated/resources/ValueSet-LunarDustToxicityValueSet.json	2303	1	0	0	0	0	0	0	0	3	0	0	0	0	0	0	0	0	0	0	7	21	0	0	0	0	1	0	0
fsh-generated/resources/ValueSet-MuscleStiffnessAndSpaceHealth.json	915	1	0	0	0	0	0	0	0	2	0	0	0	0	0	0	0	0	0	0	4	19	0	0	0	0	0	0	0
fsh-generated/resources/ValueSet-SleepLossHypoxiaEffect.json	1588	1	0	0	0	0	0	0	0	2	0	0	0	0	0	0	0	0	0	0	6	19	0	0	0	0	0	0	0
fsh-generated/resources/ValueSet-SleepLossHypoxiaResponses.json	1456	1	0	0	0	0	0	0	0	2	0	0	0	0	0	0	0	0	0	0	5	21	0	0	0	0	0	0	0
fsh-generated/resources/ValueSet-SpaceAdaptationBoneHealth.json	1601	0	0	0	0	0	0	0	0	2	0	0	0	0	0	0	0	0	0	0	7	19	0	0	0	0	0	0	0
fsh-generated/resources/ValueSet-SpaceRadiationRisksVS.json	829	1	0	0	0	0	0	0	0	4	0	0	0	0	0	0	0	0	0	0	4	16	0	0	0	0	0	0	0
fsh-generated/resources/ValueSet-SpaceTravelBrainChanges.json	1410	1	0	0	0	0	0	0	0	2	0	0	0	0	0	0	0	0	0	0	6	15	0	0	0	0	0	0	0
fsh-generated/resources/ValueSet-SpaceflightStressFactors.json	2796	1	0	0	0	0	0	0	0	3	0	0	0	0	0	0	0	0	0	0	8	21	0	0	0	0	0	0	0
fsh-generated/resources/ValueSet-artemis-all-devices-vs.json	607	1	0	0	0	0	0	0	0	2	0	0	0	0	0	0	0	0	0	0	6	18	0	0	0	0	0	0	0
fsh-generated/resources/ValueSet-artemis-certified-devices-vs.json	518	1	0	0	0	0	0	0	0	1	0	0	0	0	0	0	0	0	0	0	5	21	0	0	0	0	0	0	0
fsh-generated/resources/ValueSet-artemis-landing-region-vs.json	533	0	0	0	0	0	0	0	0	2	0	0	0	0	0	0	0	0	0	0	4	15	0	0	0	0	0	0	0
fsh-generated/resources/ValueSet-artemis-mission-vs.json	461	1	0	0	0	0	0	0	0	1	0	0	0	0	0	0	0	0	0	0	5	18	0	0	0	0	0	0	0
fsh-generated/resources/ValueSet-artemis-prototype-devices-vs.json	516	1	0	0	0	0	0	0	0	2	0	0	0	0	0	0	0	0	0	0	4	12	0	0	0	0	0	0	0
fsh-generated/resources/ValueSet-behavioral-health-metrics-vs.json	868	1	0	0	0	0	0	0	0	2	0	0	0	0	0	0	0	0	0	0	6	17	0	0	0	0	0	0	0
fsh-generated/resources/ValueSet-calorie-deficit-risk-vs.json	483	0	0	0	0	0	0	0	0	1	0	0	0	0	0	0	0	0	0	0	4	16	0	0	0	0	0	0	0
fsh-generated/resources/ValueSet-cognitive-performance-indicators-vs.json	964	1	0	0	0	0	0	0	0	2	0	0	0	0	0	0	0	0	0	0	6	15	0	0	0	0	1	0	0
fsh-generated/resources/ValueSet-decompression-procedures.json	794	1	0	0	0	0	0	0	0	2	0	0	0	0	0	0	0	0	0	0	5	24	0	0	0	0	0	0	0
fsh-generated/resources/ValueSet-diving-contraindicated-conditions.json	1675	1	0	0	0	0	0	0	0	1	0	0	0	0	0	0	0	0	0	0	6	18	0	0	0	0	0	0	0
fsh-generated/resources/ValueSet-diving-medical-examinations.json	1696	1	0	0	1	0	0	0	0	3	0	0	0	0	0	0	0	0	0	0	7	15	0	0	0	0	0	0	0
fsh-generated/resources/ValueSet-dosimeter-type-vs.json	445	1	0	0	0	0	0	0	1	1	0	0	0	0	0	0	0	0	0	0	5	15	0	0	0	0	0	0	0
fsh-generated/resources/ValueSet-evs-units-vs.json	603	0	0	0	0	0	0	0	0	2	0	0	0	0	0	0	0	0	0	0	4	16	0	0	0	0	0	0	0
fsh-generated/resources/ValueSet-hydration-type-vs.json	449	1	0	0	0	0	0	0	0	1	0	0	0	0	0	0	0	0	0	0	4	14	0	0	0	0	0	0	0
fsh-generated/resources/ValueSet-hyperbaric-capabilities-vs.json	502	1	0	0	0	0	0	0	0	1	0	0	0	0	0	0	0	0	0	0	4	14	0	0	0	0	0	0	0
fsh-generated/resources/ValueSet-hyperbaric-chamber-type-vs.json	477	1	0	0	0	0	0	0	0	4	0	0	0	0	0	0	0	0	0	0	4	13	0	0	0	0	0	0	0
fsh-generated/resources/ValueSet-isolation-syndrome-factors-vs.json	524	1	0	0	0	0	0	0	0	1	0	0	0	0	0	0	0	0	0	0	4	15	0	0	0	0	0	0	0
fsh-generated/resources/ValueSet-location-capabilities-vs.json	940	0	0	0	0	0	0	0	0	2	0	0	0	0	0	0	0	0	0	0	4	28	0	0	0	0	0	0	0
fsh-generated/resources/ValueSet-macronutrient-metrics-vs.json	486	1	0	0	0	0	0	0	0	1	0	0	0	0	0	0	0	0	0	0	4	17	0	0	0	0	0	0	0
fsh-generated/resources/ValueSet-neutral-buoyancy-training-activities.json	2623	1	0	0	0	0	0	0	0	3	0	0	0	0	0	0	0	0	0	0	8	18	0	0	0	0	0	0	0
fsh-generated/resources/ValueSet-nutrition-inventory-status-vs.json	514	1	0	0	0	0	0	0	0	1	0	0	0	0	0	0	0	0	0	0	4	13	0	0	0	0	1	0	0
fsh-generated/resources/ValueSet-operational-status-vs.json	910	1	0	0	0	0	0	0	0	1	0	0	0	0	0	0	0	0	0	0	4	13	0	0	0	0	0	0	0
fsh-generated/resources/ValueSet-organ-dose-codes-vs-complete.json	1355	1	0	0	0	0	0	0	0	2	0	0	0	0	0	0	0	0	0	0	5	11	0	0	0	0	0	0	0
fsh-generated/resources/ValueSet-radiation-countermeasures-vs-complete.json	959	0	0	0	0	0	0	0	0	2	0	0	0	0	0	0	0	0	0	0	5	14	0	0	0	0	0	0	0
fsh-generated/resources/ValueSet-radiation-countermeasures-vs.json	498	1	0	0	0	0	0	0	0	1	0	0	0	0	0	0	0	0	0	0	4	14	0	0	0	0	0	0	0
fsh-generated/resources/ValueSet-radiation-detector-type-vs-complete.json	1467	1	0	0	0	0	0	0	0	2	0	0	0	0	0	0	0	0	0	0	6	12	0	0	0	0	0	0	0
fsh-generated/resources/ValueSet-radiation-dose-units-vs.json	977	1	0	0	0	0	0	0	0	1	0	0	0	0	0	0	0	0	0	0	4	15	0	0	0	0	0	0	0
fsh-generated/resources/ValueSet-regulatory-standards.json	808	1	0	0	1	0	0	0	0	2	0	0	0	0	0	0	0	0	0	0	5	20	0	0	0	0	0	0	0
fsh-generated/resources/ValueSet-space-cardiovascular-effects.json	2216	1	0	0	0	0	0	0	0	2	0	0	0	0	0	0	0	0	0	0	7	18	0	0	0	0	0	0	0
fsh-generated/resources/ValueSet-space-environmental-factors.json	2431	1	0	0	0	0	0	0	0	2	0	0	0	0	0	0	0	0	0	0	7	18	0	0	0	0	0	0	0
fsh-generated/resources/ValueSet-space-exercise-modality-vs.json	545	0	0	0	0	0	0	0	0	1	0	0	0	0	0	0	0	0	0	0	4	15	0	0	0	0	0	0	0
fsh-generated/resources/ValueSet-space-monitoring-procedures.json	2103	1	0	0	0	0	0	0	0	2	0	0	0	0	0	0	0	0	0	0	7	15	0	0	0	0	0	0	0
fsh-generated/resources/ValueSet-space-neurological-effects.json	2050	1	0	0	0	0	0	0	1	2	0	0	0	0	0	0	0	0	0	0	7	16	0	0	0	0	0	0	0
fsh-generated/resources/ValueSet-space-nutrition-type-vs.json	494	1	0	0	0	0	0	0	0	1	0	0	0	0	0	0	0	0	0	0	4	13	0	0	0	0	0	0	0
fsh-generated/resources/ValueSet-space-performance-metric-vs.json	539	1	0	0	0	0	0	0	0	2	0	0	0	0	0	0	0	0	0	0	4	13	0	0	0	0	0	0	0
fsh-generated/resources/ValueSet-space-physiological-effects.json	3380	1	0	0	0	0	0	0	0	2	0	0	0	0	0	0	0	0	0	0	12	21	0	0	0	0	1	0	0
fsh-generated/resources/ValueSet-space-psychological-effects.json	2143	1	0	0	0	0	0	0	0	2	0	0	0	0	0	0	0	0	0	0	9	27	0	0	0	0	0	0	0
fsh-generated/resources/ValueSet-space-radiation-dose-codes-vs-complete.json	1447	1	0	0	0	0	0	0	0	2	0	0	0	0	0	0	0	0	0	0	6	11	0	0	0	0	0	0	0
fsh-generated/resources/ValueSet-space-radiation-effects.json	2313	0	0	0	0	0	0	0	0	4	0	0	0	0	0	0	0	0	0	0	7	56	0	0	0	0	0	0	0
fsh-generated/resources/ValueSet-space-radiation-type-vs-complete.json	1061	1	0	0	0	0	0	0	0	3	0	0	0	0	0	0	0	0	0	0	5	12	0	0	0	0	0	0	0
fsh-generated/resources/ValueSet-space-radiation-type-vs.json	475	1	0	0	1	0	0	0	0	1	0	0	0	0	0	0	0	0	0	0	4	14	0	0	0	0	0	0	0
fsh-generated/resources/ValueSet-space-visual-effects.json	2248	1	0	0	0	0	0	0	0	2	0	0	0	0	0	0	0	0	0	0	7	15	0	0	0	0	0	0	0
fsh-generated/resources/ValueSet-stress-countermeasures-vs.json	532	1	0	0	0	0	0	0	0	1	0	0	0	0	0	0	0	0	0	0	4	16	0	0	1	0	0	0	0
fsh-generated/resources/ValueSet-underwater-communication-systems.json	2293	1	0	0	0	0	0	0	0	2	0	0	0	0	0	0	0	0	0	0	8	14	0	0	0	0	0	0	0
fsh-generated/resources/ValueSet-underwater-training-procedures.json	1224	1	0	0	0	0	0	0	0	2	0	0	0	0	0	0	0	0	0	0	5	10	0	0	0	0	0	0	0
fsh-generated/resources/ValueSet-water-volume-units-vs.json	656	0	0	0	0	0	0	0	0	2	0	0	0	0	0	0	0	0	0	0	4	14	0	0	0	0	0	0	0
input/resources/StructureDefinition-average-blood-pressure.json	300035	11	0	24	0	0	0	0	0	0	0	0	0	0	0	0	0	1	0	0	237	264	0	0	13	0	5	0	1
input/resources/StructureDefinition-body-mass-index.json	182973	7	0	17	0	0	0	0	0	0	0	0	0	0	0	0	0	0	0	0	132	176	0	0	0	0	3	0	1
input/resources/StructureDefinition-body-temperature.json	220953	9	0	48	0	0	0	0	0	0	0	0	0	0	0	0	0	1	0	0	169	186	0	0	1	0	4	1	1
input/resources/StructureDefinition-body-weight.json	218536	7	0	24	0	0	0	0	0	0	0	0	0	0	0	0	0	0	0	0	164	181	0	0	0	0	4	0	1
input/resources/StructureDefinition-bp-device.json	117903	3	0	10	0	0	0	0	0	0	0	0	0	0	0	0	0	1	0	0	85	89	0	0	0	0	1	0	0
input/resources/StructureDefinition-heart-rate.json	229708	6	0	33	0	0	0	0	0	0	0	0	0	0	0	0	0	0	0	0	164	191	0	0	1	0	4	1	1
input/resources/StructureDefinition-height.json	218779	5	0	17	0	0	0	0	0	0	0	0	0	0	0	0	0	1	0	0	154	183	0	0	0	0	4	0	0
input/resources/StructureDefinition-oxygen-saturation-arterial-blood-pulseOx.json	274736	6	0	18	0	0	0	0	0	0	0	0	1	0	0	0	0	0	0	0	167	238	0	0	1	0	4	1	1
input/resources/StructureDefinition-oxygen-saturation-arterial-blood.json	179131	5	0	15	0	0	0	0	0	0	0	0	0	0	0	0	0	1	0	0	124	171	0	0	0	0	3	0	0
input/resources/StructureDefinition-respiratory-rate.json	236840	5	0	18	1	0	0	0	0	0	0	0	1	0	0	0	0	1	0	0	160	178	0	0	1	0	4	1	1
input/resources/StructureDefinition-twenty-four-hour-blood-pressure.json	302526	8	0	70	0	0	0	0	0	0	0	0	0	0	0	0	0	0	0	0	226	267	0	0	0	0	5	0	0
input/resources/StructureDefinitions-BloodPressurePanel.json	389111	8	0	26	0	0	0	0	0	1	0	0	0	0	0	0	0	1	0	0	279	272	0	0	0	0	8	0	1
/fsh-generated/includes/fsh-link-references.md	26608	-	-	-	0	0	0	0	0	0	0	0	0	0	0	0	0	0	0	0	0	4	0	0	0	0	0	0	0
/fsh-generated/includes/menu.xml	2917	-	-	-	0	0	0	0	0	0	0	0	0	0	0	0	0	0	0	0	0	0	0	0	0	0	0	0	0
/input/pagecontent/nutrition.md	13099	-	-	-	0	0	0	0	0	0	0	0	0	0	0	0	0	0	0	0	0	1	0	0	0	0	0	0	0
/input/pagecontent/fitness.md	15822	-	-	-	0	0	0	0	0	0	0	0	0	0	0	0	0	0	0	0	0	1	0	0	0	0	0	0	0
/input/pagecontent/screening-analog.md	6995	-	-	-	0	0	0	0	0	0	0	0	0	0	0	0	0	0	0	0	0	0	0	0	0	0	0	0	0
/input/pagecontent/missions-marsdirect.md	0	-	-	-	0	0	0	0	0	0	0	0	0	0	0	0	0	0	0	0	0	0	0	0	0	0	0	0	0
/input/pagecontent/radiation-tracking.md	27516	-	-	-	0	0	0	0	0	0	0	0	0	0	0	0	0	0	0	0	0	1	0	0	0	0	0	0	0
/input/pagecontent/neutral-buoyancy.md	31031	-	-	-	0	0	0	0	0	0	0	0	0	0	0	0	0	0	0	0	0	0	0	0	0	0	0	0	0
/input/pagecontent/references.md	41339	-	-	-	0	0	0	0	0	0	0	0	0	0	0	0	0	0	0	0	0	2	0	0	0	0	0	0	0
/input/pagecontent/index.md	4243	-	-	-	0	0	0	0	0	0	0	0	0	0	0	0	0	0	0	0	0	0	0	0	0	0	0	0	0
/input/pagecontent/screening-astronaut.md	8364	-	-	-	0	0	0	0	0	0	0	0	0	0	0	0	0	0	0	0	0	0	0	0	0	0	0	0	0
/input/pagecontent/mentalhealth.md	17428	-	-	-	0	0	0	0	0	0	0	0	0	0	0	0	0	0	0	0	0	1	0	0	0	0	0	0	0
/input/pagecontent/missions-artemis.md	20948	-	-	-	0	0	0	0	0	0	0	0	0	0	0	0	0	0	0	0	0	0	0	0	0	0	0	0	0
/input/pagecontent/scenarios.md	7013	-	-	-	0	0	0	0	0	0	0	0	0	0	0	0	0	0	0	0	0	0	0	0	0	0	0	0	0
/input/pagecontent/biomes.md	28084	-	-	-	0	0	0	0	0	0	0	0	0	0	0	0	0	0	0	0	0	1	0	0	0	0	0	0	0
/input/pagecontent/eclss.md	43608	-	-	-	0	0	0	0	0	0	0	0	0	0	0	0	0	0	0	0	0	1	0	0	0	0	0	0	0
/input/pagecontent/downloads.md	2049	-	-	-	0	0	0	0	0	0	0	0	0	0	0	0	0	0	0	0	0	0	0	0	0	0	0	0	0
/input/pagecontent/synthea.md	919	-	-	-	0	0	0	0	0	0	0	0	0	0	0	0	0	0	0	0	0	0	0	0	0	0	0	0	0
/input/pagecontent/flight-readiness-pilots.md	5901	-	-	-	0	0	0	0	0	0	0	0	0	0	0	0	0	0	0	0	0	0	0	0	0	0	0	0	0
/input/pagecontent/registry.md	2213	-	-	-	0	0	0	0	0	0	0	0	0	0	0	0	0	0	0	0	0	0	0	0	0	0	0	0	0
/input/pagecontent/calorie-restriction.md	0	-	-	-	0	0	0	0	0	0	0	0	0	0	0	0	0	0	0	0	0	0	0	0	0	0	0	0	0
/input/pagecontent/screening-gimbal.md	3298	-	-	-	0	0	0	0	0	0	0	0	0	0	0	0	0	0	0	0	0	0	0	0	0	0	0	0	0
/template/config	0	-	-	-	0	0	0	0	0	0	0	0	0	0	0	0	0	0	0	0	0	0	0	0	0	0	0	0	0
/template/config/_config.yml	140	-	-	-	0	0	0	0	0	0	0	0	0	0	0	0	0	0	0	0	0	0	0	0	0	0	0	0	0
/input/images	0	-	-	-	0	0	0	0	0	0	0	0	0	0	0	0	0	0	0	0	0	0	0	0	0	0	0	0	0
/input/images/SpaceHealth.Patients.Astronauts.PublicDomain.ndjson	262368	-	-	-	0	0	0	0	0	0	0	0	0	0	0	0	0	0	0	0	0	1	0	0	0	0	0	0	0
/input/images/484126466_24192826420307039_8644254548584899258_n_2.jpg	202456	-	-	-	0	0	0	0	0	0	0	0	0	0	0	0	0	0	0	0	0	0	0	0	0	0	0	0	0
/input/images/SpaceHealth.Procedures.ndjson	7590	-	-	-	0	0	0	0	0	0	0	0	0	0	0	0	0	0	0	0	0	0	0	0	0	0	0	0	0
/input/images/SpaceHealth.Organizations.ndjson	7824	-	-	-	0	0	0	0	0	0	0	0	0	0	0	0	0	0	0	0	0	0	0	0	0	0	0	0	0
/input/images/SpaceHealth.Locations.ndjson	16341	-	-	-	0	0	0	0	0	0	0	0	0	0	0	0	0	0	0	0	0	1	0	0	0	0	0	0	0
/input/images/AstronauticalHealthRecordEcosystem.jpg	714538	-	-	-	0	0	0	0	0	0	0	0	0	0	0	0	0	0	0	0	0	0	0	0	0	0	0	0	0
/input/images/SpaceHealth.Patients.Astronauts.PublicDomain.id.ndjson	275484	-	-	-	0	0	0	0	0	0	0	0	0	0	0	0	0	0	0	0	0	1	0	0	0	0	0	0	0
/input/images/2001SpaceOdysseyHilton.jpeg	61826	-	-	-	0	0	0	0	0	0	0	0	0	0	0	0	0	0	0	0	0	0	0	0	0	0	0	0	0
/input/images/SpaceHealth.Devices.ndjson	23657	-	-	-	0	0	0	0	0	0	0	0	0	0	0	0	0	0	0	0	0	0	0	0	0	0	0	0	0
/input/images/SpaceHealth.Patients.StarTrek.ndjson	3524	-	-	-	0	0	0	0	0	0	0	0	0	0	0	0	0	0	0	0	0	0	0	0	0	0	0	0	0
/input/images/synthea-space-health-terminal.jpg	109602	-	-	-	0	0	0	0	0	0	0	0	0	0	0	0	0	0	0	0	0	1	0	0	0	0	0	0	0
/input/images/SpaceHealth.Observations.ndjson	5181	-	-	-	0	0	0	0	0	0	0	0	0	0	0	0	0	0	0	0	0	0	0	0	0	0	0	0	0
/input/images/SpaceHealth.Conditions.ndjson	12953	-	-	-	0	0	0	0	0	0	0	0	0	0	0	0	0	0	0	0	0	0	0	0	0	0	0	0	0
/temp/pages/_includes/artifacts.xml	158864	-	-	-	-	-	-	-	-	-	-	-	-	-	-	-	-	-	-	-	-	1	0	0	0	0	0	0	0
